[
    {
        "id": "170badc0-c373-4983-a87f-bc15abfe96ad",
        "from_user": "qqq",
        "to_user": "tt",
        "amount": 450.0,
        "status": "pending",
        "timestamp": "2024-05-18T22:51:18.875330"
    },
    {
        "id": "94b1061c-eaf4-44ea-be86-28503aa4420c",
        "from_user": "qqq",
        "to_user": "aa",
        "amount": 5345.0,
        "status": "pending",
        "timestamp": "2024-05-18T22:52:02.144187"
    },
    {
        "id": "ef641064-724d-4ffb-8bba-6a242aad8b83",
        "from_user": "qqq",
        "to_user": "qqq",
        "amount": 123.0,
        "status": "completed",
        "timestamp": "2024-05-18T22:53:16.040611"
    }
]